"model","hr","hr_lcl","hr_ucl"
"Unweighted Cox",1.05026789028764,0.897738622341652,1.22871247144524
"Weighted svycoxph",1.09576277845223,0.926850097995277,1.29545874703836
